[ { "credential/login": "CPI",
    "credential/passowrd": "CPIpw",
    "submitPlantData/documentData/additionalInstrumentRecordings/instrumentRecordingType/identifier": "data1",
    "submitPlantData/documentData/additionalInstrumentRecordings/instrumentRecordingType/prefixDescription": "data1",
    "submitPlantData/documentData/additionalInstrumentRecordings/instrumentRecordingType/suffixDescription": "data1",
    "submitPlantData/documentData/additionalInstrumentRecordings/prefix": "data1",
    "submitPlantData/documentData/additionalInstrumentRecordings/suffix": "data1",
    "submitPlantData/documentData/grantees/firstName": "data1",
    "submitPlantData/documentData/grantees/lastName": "data1",
    "submitPlantData/documentData/grantors/firstName": "data1",
    "submitPlantData/documentData/grantors/lastName": "data1",
    "submitPlantData/documentData/identifyAsNonConforming": "data1",
    "submitPlantData/documentData/identifyAsSuspended": "data1",
    "submitPlantData/documentData/instrumentType/instrumentType": "data1",
    "submitPlantData/documentData/instrumentType/code": "data1",
    "submitPlantData/documentData/instrumentType/description": "data1",
    "submitPlantData/documentData/instrumentType/identifier": "data1",
    "submitPlantData/documentData/instrumentType/party1description": "data1",
    "submitPlantData/documentData/instrumentType/party2description": "data1",
    "submitPlantData/documentData/instrumentType/partyRequired": "data1",
    "submitPlantData/documentData/instrumentType/propertyRequired": "data1",
    "submitPlantData/documentData/instrumentType/requiredNoteTypes/description": "data1",
    "submitPlantData/documentData/instrumentType/requiredNoteTypes/identifier": "data1",
    "submitPlantData/documentData/instrumentType/requiredNoteTypes/instruction": "data1",
    "submitPlantData/documentData/instrumentType/requiredNoteTypes/multipleEntriesAllowed": "data1",
    "submitPlantData/documentData/notes/note": "data1",
    "submitPlantData/documentData/notes/noteType/description": "data1",
    "submitPlantData/documentData/notes/noteType/identifier": "data1",
    "submitPlantData/documentData/notes/noteType/instruction": "data1",
    "submitPlantData/documentData/notes/noteType/multipleEntriesAllowed": "data1",
    "submitPlantData/documentData/platLegalDescriptions/block": "data1",
    "submitPlantData/documentData/platLegalDescriptions/book": "data1",
    "submitPlantData/documentData/platLegalDescriptions/lot": "data1",
    "submitPlantData/documentData/platLegalDescriptions/page": "data1",
    "submitPlantData/documentData/referenceInstrumentRecordings/instrumentRecordingType/identifier": "data1",
    "submitPlantData/documentData/referenceInstrumentRecordings/instrumentRecordingType/prefixDescription": "data1",
    "submitPlantData/documentData/referenceInstrumentRecordings/instrumentRecordingType/suffixDescription": "data1",
    "submitPlantData/documentData/referenceInstrumentRecordings/prefix": "data1",
    "submitPlantData/documentData/referenceInstrumentRecordings/suffix": "data1",
    "submitPlantData/documentData/sectionalLegalDescriptions/quarter1": "data1",
    "submitPlantData/documentData/sectionalLegalDescriptions/quarter2": "data1",
    "submitPlantData/documentData/sectionalLegalDescriptions/quarter3": "data1",
    "submitPlantData/documentData/sectionalLegalDescriptions/quarter4": "data1",
    "submitPlantData/documentData/sectionalLegalDescriptions/range": "data1",
    "submitPlantData/documentData/sectionalLegalDescriptions/section": "data1",
    "submitPlantData/documentData/sectionalLegalDescriptions/township": "data1",
    "submitPlantData/instrumentRecording/instrumentRecordingType/identifier": "data1",
    "submitPlantData/instrumentRecording/instrumentRecordingType/prefixDescription": "data1",
    "submitPlantData/instrumentRecording/instrumentRecordingType/suffixDescription": "data1",
    "submitPlantData/instrumentRecording/prefix": "data1",
    "submitPlantData/instrumentRecording/suffix": "data1",
    "submitPlantData/recordingDate": "data1",
    "submitPlantData/titlePlant/description": "data1",
    "submitPlantData/titlePlant/identifier": "data1" } ]